{"age_std": 14.49293290032352, "age_mean": 29.64209269662921, "fare_std": 52.93864817471089, "fare_mean": 34.567251404494385}